ssdeep,SHA-1,SHA-512,SHA-256,authedication-hash,class_id,hash,import-hash,MD5
24576:z2O/GlNr7nUl/IwPXJm6RmuL1s8LwmxhKbH3rUO46GVYjq:QraAw/JmZ8LwmxUT3i9gq,e86d0d1648ce08109abca5718ce9525b299b7479,a5cd30daba613586e8d383592adeb6cfca8aa730a4c6c29fe2a0e372e2662730bf1c31e996f9a5a3ba04d92628ccfb81e1bfba58d8b21ce480b9f86f71f0f6d3,c78739f397f2a982726394db0557ba011c6a8724fdf0c11f22b25fe9788933dc,,/home/gulzada/Documents/Project/vxvaultvirus,39fcda73563dc640ff3f8f5b1d3df6e5,3c98c11017e670673be70ad841ea9c37,39fcda73563dc640ff3f8f5b1d3df6e5
24576:3UrHZHqiLyqiLWPS9kssUA7FVjCtS9wlTzi2gQO1PMV2DCHAJ2glv9fJVOYfJSz4:gHZHlyl1kNVjt9ijgQO1PMDozYAPz2U,a00e86f11000514e69b4773521d9e49c0ed49e3f,3ade095a1381b7d67e1ec83e2cb8d790518a2e9302dca90460f085b4cff49a84fa67255cd9dd76afda3478246ba7726cabe7f8b6ad89a267f8ab6a3d0d5689ce,cc4f6e13f071506e5665c90326e39a54181b2500818ddcad09bcb611d5e91e56,,/home/gulzada/Documents/Project/vxvaultvirus,ae3e433b41eeb599cbe8ead907792ca9,629d48f0c2bd114e00abc77232e160ca,ae3e433b41eeb599cbe8ead907792ca9
1536:RVnf6o3fNIyWnEyaq3ZzoYpF2K9bP/3Pe1v8dJ5KTS:RU6uIYpFh9bP/W1OJ5u,24a53df44d239780fcd1db1983740a512561068c,5087204180c259c9c1a055cebd8c23d1766c9ee48204571b30ae4726da0dd39b506cc303571f6ead5bd7871f73d8424db54f0ed2362b4794751d4d5b680c4378,c793f6e5f61e76c680f99e93b43279f020ce005d6ce47b159f310bbaf1aeb7cc,,/home/gulzada/Documents/Project/vxvaultvirus,ec262d2f33d76817e351ba24ace468b8,f34d5f2d4577ed6d9ceec516c1f5a744,ec262d2f33d76817e351ba24ace468b8
49152:ffu3mIwaqr4Ba5ldQC33G29AwJj6wmT8vSlYotbgJSvOmfVGVKvSZ:fferS5ldQ8G2953oK,b5c1c8b50fe5e1ad228724e0c8779da2831425ad,7d532f1795944e076b04a6475a0cb85cea8a193a9b4f3196662ee2dc7be79e6f95fa2466ad9233d0ea3f6647176757a41a759871d62a3a4a7518670d192161da,72b2be451ccc00d4524637a59331ca7c2e853fc9df486085288dd9729a45f228,,/home/gulzada/Documents/Project/vxvaultvirus,d1ff8f9fa3bc7d9032f556a1fd59e268,5a3ffe2b694ff66c40396de468b981aa,d1ff8f9fa3bc7d9032f556a1fd59e268
12288:5pqk4nPeIEssZkYsW0Zb21zIEl+LF4wBj/P:zqZxYniEl+L3Bjn,ae4e0a4a78c91105ae3f801e0753d31e688c4c0a,708905611c3ba2a2d2680f647c99fb3052b119d0575d6a3bbd78b46f25856b401d8a4acce8dc25540704f3d14e6df0bb42e8ef4bfd5dda50a05b104519e85d1d,a7e83df43bde1348e3bda66e966f30134fd8ecc116d53f15edb30f4a5ea5b5f6,,/home/gulzada/Documents/Project/vxvaultvirus,8653605c49b0c2e49c8afee0a868597c,fcb1f5f6358b1c6b38e13ec91b959b0c,8653605c49b0c2e49c8afee0a868597c
24576:iNR2zaQBt37/CZ0w1PeWnzqhqCC6+PERZ:bUsrC6aE3,5dfc417b955b2f32ced6ee11b2a01763f9081ba1,2d8f1d8118b18812cae2c289d52357ad72fe010405bb61c5fdd61d17d72da94ab5a3970be9ad95b161ac6f38b5d692afab368f1c239f5636b274f9e0e0363236,90752b93f297b338ba85936ab8f06fbeb299e8eda479a183a94c97f4cb5619e4,,/home/gulzada/Documents/Project/vxvaultvirus,3b5337a169bdb2f77f5b9d05249a19c6,46978de0f8944a65af1673d613222a98,3b5337a169bdb2f77f5b9d05249a19c6
3072:ijw53F1gw56uXf0T6hK3r/Ph3hr/Hs2Y+KW9hKUrsxkw/fgYtTE2d35og:iYF1z6igWK3r/Pth7nYK9Hsxkw/YaA2Y,34a1a77132b1c383f4891b1e02b84562496af541,e195296869c5d73930ec9589780453068a75fd170d80307fcedcbdf5470671a220529a16637e74b9d7fa67c34cfc6e4388bb25c1561552f4302b967b080aa6ac,eb9e2253ffa78a9614d29d9825c15eea408de4be6ef41def49369fa781abaaaf,,/home/gulzada/Documents/Project/vxvaultvirus,bf8fd8372357569145c647d3ad2df3ee,04bef5cadcfb2c72ee31c9e19a117ac2,bf8fd8372357569145c647d3ad2df3ee
24576:dQb25gwPvBR5dZ5nUHb+wxttqRF+5VfDa+/KN9JgO2Yxvdi6n:dq22YHnUHb+wxttqRF+5VLa+MgO2I,4f4a580660c7805dd67eddc14f8b54f89f2770f6,799a9998756258aa65de3071f77635b75a22e22ea9fdff9dfa75c3fcd49589542a7393cf9c0cf71b01b19d03c27d26b21acebbe0657f3fae6c36d8ce95b222c4,38905483fa543c8164c0eb06c179aed7be07da75037b40284be72197b5577c1b,,/home/gulzada/Documents/Project/vxvaultvirus,dbe66572b790ce7aeb53481b46a284e2,b04be6f32d728db2cc693739c33265b7,dbe66572b790ce7aeb53481b46a284e2
12288:dh1Lk70TnvjcDXVrpUGT+PgTQ7761bPXdlzbNQ8qd:Zk70TrcDZvTs61bPXjzBQ8qd,d78df20a64aecb448521975d88360e5c9392cf2c,01ad52674350a68c461f284912a654514ca28fbf77cf1d99711e0df38e571fbca3d186f7ae0cfcf62fca135a09af6ecec481df014702605d07a8a542e39578d0,270ccfd9fa5927e0dd36355f13d51ea5af5fe643c3cf22f374ca60ce6a73b7a5,,/home/gulzada/Documents/Project/vxvaultvirus,88cab3e01e7d2274dd56a8d4b605cafb,bf5a4aa99e5b160f8521cadd6bfe73b8,88cab3e01e7d2274dd56a8d4b605cafb
3072:m2bgA9LXS2Pt0PKo5ubxA+pr+eSNP7d5DS+3UKHQu:wA9LXS2YKDbLpPSNPx5tjH,595e0a19033620e7e6a12dc38307249f1c9cfddd,5a5e0a34a82581446ea62c8a93e6b7f3c73b78d30f546c00632264332f3b222323c3905f3d1618aa3cb6c7342799590dabbf014cdf014bb32c1174469d0c9ba1,0f1b1bea399e3735ba1b1bc87ac70b034b460f4ac7db8d861ad43dcd8b9904d4,,/home/gulzada/Documents/Project/vxvaultvirus,a339f5b8ef18fb65db3b5d9d74e86a2d,f45f7fdb467c7ab2c528907b4a5e7213,a339f5b8ef18fb65db3b5d9d74e86a2d
