MajorOperatingSystemVersion,MajorImageVersion,SizeOfHeaders,MinorOperatingSystemVersion,SectionsNb,SizeOfHeapReserve,Machine,BaseOfCode,FileAlignment,NumberOfRvaAndSizes,SectionsMeanEntropy,SectionsMaxRawsize,SizeOfCode,DllCharacteristics,SectionsMinVirtualsize,SectionsMinRawsize,MajorLinkerVersion,ResourcesNb,ResourcesMeanSize,BaseOfData,ImportsNbDLL,SizeOfHeapCommit,SizeOfStackCommit,hash,SectionMaxVirtualsize,SectionsMinEntropy,ImportsNbOrdinal,ResourcesMinEntropy,ResourcesMinSize,SizeOfInitializedData,VersionInformationSize,Subsystem,AddressOfEntryPoint,SectionsMeanVirtualsize,MajorSubsystemVersion,ResourcesMaxEntropy,SectionsMeanRawsize,Characteristics,ImportsNb,LoadConfigurationSize,LoaderFlags,MinorLinkerVersion,SectionsMaxEntropy,ResourcesMeanEntropy,SizeOfStackReserve,MinorSubsystemVersion,ImageBase,class_id,SizeOfUninitializedData,SectionAlignment,MinorImageVersion,SizeOfImage,ResourcesMaxSize,CheckSum,ExportNb,SizeOfOptionalHeader
5,0,1024,0,5,1048576,332,4096,512,16,4.358148650981233,74752,74752,34048,32,512,9,17,3153.8823529411766,81920,10,4096,4096,39fcda73563dc640ff3f8f5b1d3df6e5,96036,0.39414097513537405,0,1.919240704636849,20,63488,0,2,44167,46562.2,5,6.398802426787754,27648.0,259,168,0,0,0,6.555548101442707,3.4879760871276546,1048576,0,4194304,/home/gulzada/Documents/Project/vxvaultvirus,0,4096,0,249856,38056,0,0,224
4,1,4096,0,3,1048576,332,4096,4096,16,4.352211560549602,1310720,417792,0,13112,4096,6,16,81651.5,421888,1,4096,4096,ae3e433b41eeb599cbe8ead907792ca9,1307384,0.0,33,3.228461781617506,132,1327104,0,2,15124,579056.0,4,7.940670632653599,577536.0,271,150,0,0,0,6.5980237488156375,5.033082562019338,1048576,0,4194304,/home/gulzada/Documents/Project/vxvaultvirus,0,4096,0,1748992,1021440,1793649,0,224
4,0,512,0,3,1048576,332,8192,512,16,2.6951036997849447,105472,54784,34112,12,512,8,8,13103.0,65536,1,4096,4096,ec262d2f33d76817e351ba24ace468b8,105264,0.08153941234324169,0,0.5080475920957993,90,105984,0,2,62946,53345.333333333336,4,7.91985890873751,53589.333333333336,258,1,0,0,0,6.813625215694191,2.4089765873475786,1048576,0,4194304,/home/gulzada/Documents/Project/vxvaultvirus,0,8192,0,180224,67624,0,0,224
6,0,1024,0,5,1048576,332,4096,512,16,5.751901491590229,1367040,1367040,49472,36764,24576,14,7,63886.28571428572,1372160,7,4096,4096,d1ff8f9fa3bc7d9032f556a1fd59e268,1366682,4.751245874371461,0,4.815208457319063,665,919040,0,2,667392,456904.0,6,5.45254050615192,454758.4,258,214,160,0,16,6.627643651042999,5.189645985416616,1048576,0,4194304,/home/gulzada/Documents/Project/vxvaultvirus,0,4096,0,2297856,363018,0,0,224
5,0,1024,0,4,1048576,332,4096,512,16,5.94631408852846,225792,223744,32768,25736,10240,9,40,5580.0,229376,13,4096,4096,8653605c49b0c2e49c8afee0a868597c,225436,4.235399852856304,5,0.9609531358282067,20,284160,0,2,122522,130612.5,5,7.992845302698258,126976.0,259,332,72,0,0,7.448471684165058,4.806150693745432,1048576,0,4194304,/home/gulzada/Documents/Project/vxvaultvirus,0,4096,0,536576,111998,540583,0,224
5,0,1024,0,4,1048576,332,4096,512,16,5.3261347955429885,641536,641536,0,22788,12800,10,18,1204.111111111111,647168,13,4096,4096,3b5337a169bdb2f77f5b9d05249a19c6,641041,3.987794830239385,0,1.9814963295286754,20,179200,0,2,589075,212003.75,5,5.861076253350769,205184.0,259,426,0,0,0,6.624160256655828,3.9927132060892623,4194304,0,4194304,/home/gulzada/Documents/Project/vxvaultvirus,0,4096,0,860160,9640,853277,0,224
5,0,1024,1,4,1048576,332,4096,512,16,4.503166981627052,128000,128000,32768,5092,4096,10,15,3418.0,135168,5,4096,4096,bf8fd8372357569145c647d3ad2df3ee,127911,2.2151027077755514,0,2.796347842382138,112,168448,0,2,107223,74969.75,5,6.179872717894786,47360.0,290,96,72,0,0,6.702863885944581,4.507615941008045,1048576,1,4194304,/home/gulzada/Documents/Project/vxvaultvirus,0,4096,0,311296,10792,220284,1,224
6,0,1024,0,7,1048576,34404,4096,512,16,5.210373301529985,813056,813056,33120,1128,1536,14,1,1031.0,0,19,4096,4096,dbe66572b790ce7aeb53481b46a284e2,812779,3.389399147601737,0,5.322966164213311,1031,163328,0,2,760420,139133.42857142858,6,5.322966164213311,139190.85714285713,34,277,248,0,11,6.3770524396070885,5.322966164213311,1048576,0,5368709120,/home/gulzada/Documents/Project/vxvaultvirus,0,4096,0,995328,1031,0,0,240
5,0,1024,0,4,1048576,332,4096,512,16,5.987182816111582,413696,104448,32768,12480,5632,9,11,37510.09090909091,110592,3,4096,4096,88cab3e01e7d2274dd56a8d4b605cafb,413296,3.2625868398009703,0,3.0525224153140957,32,447488,0,2,52527,139519.0,5,7.999340675424378,137984.0,291,94,72,0,0,7.494692613755757,4.956847142336819,1048576,0,4194304,/home/gulzada/Documents/Project/vxvaultvirus,0,4096,0,569344,304506,146427,0,224
5,0,1024,1,6,1048576,332,4096,512,16,3.80612234022165,117248,60416,32768,4116,1024,9,16,2118.125,65536,6,4096,4096,a339f5b8ef18fb65db3b5d9d74e86a2d,124480,0.1875350581295057,1,2.158973012538867,34,180736,0,2,21841,40536.0,5,3.7372199323684523,38912.0,290,100,72,0,0,6.5521269711131245,2.980062241725953,1048576,1,4194304,/home/gulzada/Documents/Project/vxvaultvirus,0,4096,0,262144,9640,270292,1,224
